2011-11-25,1.3338,1.3355,1.321,1.3233
2011-11-28,1.3233,1.3398,1.3271,1.3294
2011-11-29,1.3294,1.3442,1.3284,1.3327
2011-11-30,1.3327,1.3531,1.3257,1.344
2011-12-01,1.344,1.3521,1.3415,1.3456
2011-12-02,1.3456,1.3548,1.3361,1.3402
2011-12-05,1.3402,1.3486,1.3374,1.3392
2011-12-06,1.3392,1.3427,1.3332,1.3401
2011-12-07,1.3401,1.3454,1.3349,1.3413
2011-12-08,1.3413,1.3459,1.3288,1.3331
2011-12-09,1.3331,1.3433,1.328,1.337
2011-12-12,1.337,1.3385,1.3161,1.3185
2011-12-13,1.3185,1.3236,1.3007,1.3027
2011-12-14,1.3027,1.3063,1.2944,1.2984
2011-12-15,1.2984,1.3049,1.2955,1.3016
2011-12-16,1.3016,1.3084,1.2994,1.3034
2011-12-19,1.3034,1.3043,1.298,1.2996
2011-12-20,1.2996,1.3131,1.2992,1.3076
2011-12-21,1.3076,1.3197,1.3023,1.3043
2011-12-22,1.3043,1.3119,1.3015,1.3051
2011-12-23,1.3051,1.3095,1.3024,1.3038
2011-12-26,1.3038,1.3082,1.303,1.3059
2011-12-27,1.3059,1.3083,1.304,1.3066
2011-12-28,1.3066,1.308,1.291,1.2938
2011-12-29,1.2938,1.2962,1.2856,1.2961
2011-12-30,1.2961,1.2998,1.2902,1.2941
2012-01-02,1.2941,1.2967,1.2915,1.2922
2012-01-03,1.2922,1.3076,1.293,1.305
2012-01-04,1.305,1.3072,1.2896,1.2947
2012-01-05,1.2947,1.2947,1.277,1.2779
2012-01-06,1.2779,1.2812,1.2696,1.2721
2012-01-09,1.2721,1.2785,1.2664,1.2769
2012-01-10,1.2769,1.2818,1.2741,1.2774
2012-01-11,1.2774,1.2789,1.2661,1.2705
2012-01-12,1.2705,1.2844,1.2697,1.2825
2012-01-13,1.2825,1.2878,1.2623,1.2684
2012-01-16,1.2684,1.2687,1.2624,1.2675
2012-01-17,1.2675,1.2808,1.2647,1.2723
2012-01-18,1.2723,1.2863,1.2732,1.2849
2012-01-19,1.2849,1.2958,1.2837,1.2957
2012-01-20,1.2957,1.2986,1.2886,1.2928
2012-01-23,1.2928,1.3052,1.2869,1.3033
2012-01-24,1.3033,1.3062,1.2952,1.3023
2012-01-25,1.3023,1.312,1.2929,1.311
2012-01-26,1.311,1.3184,1.3088,1.3105
2012-01-27,1.3105,1.3233,1.3075,1.3215
2012-01-30,1.3215,1.323,1.3074,1.3117
2012-01-31,1.3117,1.3213,1.3041,1.3083
2012-02-01,1.3083,1.3218,1.3023,1.3153
2012-02-02,1.3153,1.3196,1.3083,1.3147
2012-02-03,1.3147,1.3205,1.3065,1.3146
2012-02-06,1.3146,1.3141,1.3026,1.3131
2012-02-07,1.3131,1.327,1.3086,1.3244
2012-02-08,1.3244,1.329,1.3218,1.326
2012-02-09,1.326,1.3321,1.3213,1.3284
2012-02-10,1.3284,1.3291,1.3153,1.3166
2012-02-13,1.3166,1.3283,1.3186,1.3191
2012-02-14,1.3191,1.3216,1.3078,1.3115
2012-02-15,1.3115,1.319,1.3043,1.3074
2012-02-16,1.3074,1.3159,1.2973,1.3153
2012-02-17,1.3153,1.3198,1.3113,1.3157
2012-02-20,1.3157,1.3276,1.3172,1.3241
2012-02-21,1.3241,1.3292,1.3184,1.3236
2012-02-22,1.3236,1.3266,1.3209,1.3245
2012-02-23,1.3245,1.3373,1.3229,1.3365
2012-02-24,1.3365,1.3486,1.3355,1.3463
2012-02-27,1.3463,1.3478,1.3364,1.34
2012-02-28,1.34,1.347,1.3388,1.3461
2012-02-29,1.3461,1.3485,1.3313,1.3322
2012-03-01,1.3322,1.3356,1.328,1.3306
2012-03-02,1.3306,1.3332,1.3185,1.3207
2012-03-05,1.3207,1.324,1.3158,1.3221
2012-03-06,1.3221,1.3226,1.3101,1.3112
2012-03-07,1.3112,1.3164,1.3095,1.3148
2012-03-08,1.3148,1.3291,1.3133,1.3266
2012-03-09,1.3266,1.3283,1.3095,1.3114
2012-03-12,1.3114,1.3157,1.3079,1.315
2012-03-13,1.315,1.3191,1.3052,1.3071
2012-03-14,1.3071,1.309,1.301,1.302
2012-03-15,1.302,1.3119,1.3004,1.3094
2012-03-16,1.3094,1.3187,1.3049,1.3168
2012-03-19,1.3168,1.3265,1.3141,1.3236
2012-03-20,1.3236,1.3252,1.3172,1.3217
2012-03-21,1.3217,1.3285,1.3178,1.3207
2012-03-22,1.3207,1.3254,1.3134,1.3187
2012-03-23,1.3187,1.3293,1.319,1.3262
2012-03-26,1.3262,1.3368,1.319,1.3361
2012-03-27,1.3361,1.3385,1.3317,1.3329
2012-03-28,1.3329,1.3374,1.3276,1.3321
2012-03-29,1.3321,1.3346,1.3252,1.3293
2012-03-30,1.3293,1.3377,1.3298,1.3336
2012-04-02,1.3336,1.338,1.3279,1.3328
2012-04-03,1.3328,1.3368,1.3212,1.3229
2012-04-04,1.3229,1.3239,1.3107,1.3139
2012-04-05,1.3139,1.3164,1.3035,1.3064
2012-04-06,1.3064,1.3113,1.3052,1.3088
2012-04-09,1.3088,1.3134,1.3031,1.3117
2012-04-10,1.3117,1.3144,1.3053,1.3076
2012-04-11,1.3076,1.3157,1.3067,1.3102
2012-04-12,1.3102,1.3213,1.3102,1.3187
2012-04-13,1.3187,1.3201,1.3068,1.3072
2012-04-16,1.3072,1.3148,1.2995,1.3138
2012-04-17,1.3138,1.3173,1.309,1.313
2012-04-18,1.313,1.3141,1.3058,1.3114
2012-04-19,1.3114,1.3165,1.307,1.3134
2012-04-20,1.3134,1.3225,1.3129,1.3215
2012-04-23,1.3215,1.3217,1.3105,1.3154
2012-04-24,1.3154,1.3218,1.3145,1.3182
2012-04-25,1.3182,1.3236,1.3173,1.3214
2012-04-26,1.3214,1.3263,1.3199,1.324
2012-04-27,1.324,1.327,1.3158,1.3247
2012-04-30,1.3247,1.3267,1.3208,1.3236
2012-05-01,1.3236,1.3284,1.3204,1.3235
2012-05-02,1.3235,1.3241,1.3122,1.3156
2012-05-03,1.3156,1.318,1.3096,1.315
2012-05-04,1.315,1.3178,1.308,1.3089
2012-05-07,1.3089,1.3064,1.2956,1.3058
2012-05-08,1.3058,1.3066,1.298,1.3016
2012-05-09,1.3016,1.3006,1.2912,1.2942
2012-05-10,1.2942,1.298,1.2925,1.2946
2012-05-11,1.2946,1.2958,1.2904,1.2922
2012-05-14,1.2922,1.2907,1.2824,1.2839
2012-05-15,1.2839,1.287,1.2718,1.2728
2012-05-16,1.2728,1.2759,1.2682,1.2723
2012-05-17,1.2723,1.2749,1.2666,1.27
2012-05-18,1.27,1.2794,1.2643,1.2773
2012-05-21,1.2773,1.2825,1.2723,1.2816
2012-05-22,1.2816,1.2817,1.2655,1.2676
2012-05-23,1.2676,1.2688,1.2545,1.2584
2012-05-24,1.2584,1.262,1.2516,1.2533
2012-05-25,1.2533,1.2603,1.2496,1.2518
2012-05-28,1.2518,1.2624,1.2524,1.2543
2012-05-29,1.2543,1.2575,1.2461,1.2493
2012-05-30,1.2493,1.2494,1.236,1.2373
2012-05-31,1.2373,1.243,1.2337,1.2375
2012-06-01,1.2375,1.2459,1.2289,1.2408
2012-06-04,1.2408,1.251,1.2386,1.2496
2012-06-05,1.2496,1.2542,1.241,1.2446
2012-06-06,1.2446,1.2583,1.244,1.2572
2012-06-07,1.2572,1.2626,1.254,1.2582
2012-06-08,1.2582,1.2575,1.2436,1.2501
2012-06-11,1.2501,1.2668,1.248,1.2483
2012-06-12,1.2483,1.253,1.2442,1.2499
2012-06-13,1.2499,1.261,1.2474,1.2571
2012-06-14,1.2571,1.2635,1.2543,1.2614
2012-06-15,1.2614,1.2664,1.2592,1.2645
2012-06-18,1.2645,1.2747,1.2556,1.2577
2012-06-19,1.2577,1.2731,1.2569,1.2691
2012-06-20,1.2691,1.2743,1.2638,1.267
2012-06-21,1.267,1.2701,1.2532,1.2545
2012-06-22,1.2545,1.2583,1.252,1.2565
2012-06-25,1.2565,1.2569,1.2472,1.25
2012-06-26,1.25,1.2531,1.2442,1.2499
2012-06-27,1.2499,1.2508,1.2446,1.2469
2012-06-28,1.2469,1.2524,1.2408,1.2445
2012-06-29,1.2445,1.2693,1.2433,1.2654
2012-07-02,1.2654,1.268,1.2569,1.2583
2012-07-03,1.2583,1.2627,1.2559,1.2607
2012-07-04,1.2607,1.2607,1.2508,1.2533
2012-07-05,1.2533,1.254,1.2364,1.2389
2012-07-06,1.2389,1.2401,1.2259,1.2275
2012-07-09,1.2275,1.2324,1.2225,1.231
2012-07-10,1.231,1.2334,1.2236,1.2252
2012-07-11,1.2252,1.2297,1.2212,1.2233
2012-07-12,1.2233,1.2249,1.2165,1.221
2012-07-13,1.221,1.2257,1.216,1.224
2012-07-16,1.224,1.229,1.2176,1.2279
2012-07-17,1.2279,1.2317,1.2188,1.2281
2012-07-18,1.2281,1.2306,1.2215,1.2276
2012-07-19,1.2276,1.2324,1.2228,1.2271
2012-07-20,1.2271,1.2283,1.2144,1.2164
2012-07-23,1.2164,1.2145,1.2068,1.2134
2012-07-24,1.2134,1.2138,1.2041,1.2064
2012-07-25,1.2064,1.2171,1.2054,1.2152
2012-07-26,1.2152,1.233,1.2115,1.2282
2012-07-27,1.2282,1.239,1.224,1.2317
2012-07-30,1.2317,1.2339,1.2226,1.2253
2012-07-31,1.2253,1.233,1.2247,1.2308
2012-08-01,1.2308,1.2336,1.2218,1.2239
2012-08-02,1.2239,1.2405,1.2131,1.2176
2012-08-03,1.2176,1.2392,1.2167,1.2379
2012-08-06,1.2379,1.2443,1.2339,1.2412
2012-08-07,1.2412,1.2442,1.2373,1.2405
2012-08-08,1.2405,1.2402,1.2326,1.2358
2012-08-09,1.2358,1.2387,1.2266,1.2292
2012-08-10,1.2292,1.2317,1.2242,1.2293
2012-08-13,1.2293,1.2374,1.2258,1.2332
2012-08-14,1.2332,1.2386,1.2314,1.2324
2012-08-15,1.2324,1.2344,1.226,1.2287
2012-08-16,1.2287,1.2373,1.2256,1.2362
2012-08-17,1.2362,1.2382,1.2288,1.2318
2012-08-20,1.2318,1.237,1.2294,1.2344
2012-08-21,1.2344,1.2488,1.2347,1.2465
2012-08-22,1.2465,1.2538,1.2432,1.2518
2012-08-23,1.2518,1.259,1.2524,1.2561
2012-08-24,1.2561,1.2569,1.2482,1.2516
2012-08-27,1.2516,1.2536,1.249,1.2496
2012-08-28,1.2496,1.2577,1.2466,1.2563
2012-08-29,1.2563,1.2574,1.2518,1.2528
2012-08-30,1.2528,1.2564,1.2487,1.2515
2012-08-31,1.2515,1.2637,1.2494,1.2578
2012-09-03,1.2578,1.2611,1.2554,1.2593
2012-09-04,1.2593,1.2628,1.2554,1.257
2012-09-05,1.257,1.2624,1.2501,1.2598
2012-09-06,1.2598,1.2652,1.256,1.2639
2012-09-07,1.2639,1.2807,1.2623,1.2798
2012-09-10,1.2798,1.2812,1.2755,1.2761
2012-09-11,1.2761,1.2871,1.2758,1.2855
2012-09-12,1.2855,1.2937,1.2816,1.2895
2012-09-13,1.2895,1.3002,1.2855,1.2988
2012-09-14,1.2988,1.3169,1.2977,1.3122
2012-09-17,1.3122,1.3172,1.3081,1.3101
2012-09-18,1.3101,1.3119,1.3027,1.3035
2012-09-19,1.3035,1.3085,1.2991,1.3056
2012-09-20,1.3056,1.3059,1.2919,1.2969
2012-09-21,1.2969,1.3048,1.2955,1.2989
2012-09-24,1.2989,1.299,1.289,1.2927
2012-09-25,1.2927,1.2971,1.2886,1.2906
2012-09-26,1.2906,1.2913,1.2836,1.2857
2012-09-27,1.2857,1.2928,1.2829,1.2914
2012-09-28,1.2914,1.296,1.2838,1.2844
2012-10-01,1.2844,1.2939,1.2804,1.288
2012-10-02,1.288,1.2968,1.288,1.2919
2012-10-03,1.2919,1.2937,1.2878,1.29
2012-10-04,1.29,1.3031,1.2908,1.3014
2012-10-05,1.3014,1.3071,1.2994,1.3017
2012-10-08,1.3017,1.3027,1.2938,1.2972
2012-10-09,1.2972,1.2991,1.2858,1.2873
2012-10-10,1.2873,1.2913,1.2836,1.2894
2012-10-11,1.2894,1.2952,1.2826,1.293
2012-10-12,1.293,1.2992,1.2923,1.2956
2012-10-15,1.2956,1.298,1.2891,1.2951
2012-10-16,1.2951,1.3061,1.2943,1.3045
2012-10-17,1.3045,1.314,1.3084,1.3123
2012-10-18,1.3123,1.313,1.3054,1.3068
2012-10-19,1.3068,1.3078,1.3012,1.3021
2012-10-22,1.3021,1.3083,1.3016,1.3049
2012-10-23,1.3049,1.3076,1.2951,1.2977
2012-10-24,1.2977,1.2997,1.292,1.2964
2012-10-25,1.2964,1.3023,1.2938,1.2945
2012-10-26,1.2945,1.2956,1.2883,1.2934
2012-10-29,1.2934,1.2968,1.2883,1.2898
2012-10-30,1.2898,1.2983,1.2886,1.2962
2012-10-31,1.2962,1.302,1.2942,1.292
2012-11-01,1.292,1.2983,1.2923,1.2936
2012-11-02,1.2936,1.2951,1.2819,1.2832
2012-11-05,1.2832,1.2842,1.2766,1.2794
2012-11-06,1.2794,1.2827,1.2763,1.281
2012-11-07,1.281,1.2876,1.2734,1.2765
2012-11-08,1.2765,1.278,1.2717,1.2745
2012-11-09,1.2745,1.279,1.2689,1.2711
2012-11-12,1.2711,1.2739,1.2698,1.271
2012-11-13,1.271,1.2728,1.2662,1.2705
2012-11-14,1.2705,1.2779,1.27,1.2732
2012-11-15,1.2732,1.2802,1.2718,1.2763
2012-11-16,1.2763,1.2785,1.2691,1.2734
2012-11-19,1.2734,1.282,1.2734,1.2804
2012-11-20,1.2804,1.283,1.2765,1.2815
2012-11-21,1.2815,1.2833,1.2737,1.2825
2012-11-22,1.2825,1.2899,1.2826,1.2871
2012-11-23,1.2871,1.2991,1.2869,1.2982
2012-11-26,1.2982,1.2985,1.2945,1.297
2012-11-27,1.297,1.3009,1.2914,1.2932
2012-11-28,1.2932,1.2946,1.2879,1.2934
2012-11-29,1.2934,1.3014,1.2939,1.2973
2012-11-30,1.2973,1.3027,1.2966,1.3006
2012-12-03,1.3006,1.3076,1.2973,1.3051
2012-12-04,1.3051,1.3108,1.3046,1.3098
2012-12-05,1.3098,1.3126,1.3058,1.3079
2012-12-06,1.3079,1.3087,1.2951,1.2965
2012-12-07,1.2965,1.2974,1.2877,1.2927
2012-12-10,1.2927,1.2943,1.2885,1.2935
2012-12-11,1.2935,1.3015,1.2929,1.3002
2012-12-12,1.3002,1.3097,1.2996,1.3064
2012-12-13,1.3064,1.31,1.3041,1.3073
2012-12-14,1.3073,1.3173,1.3066,1.3154
2012-12-17,1.3154,1.3188,1.3143,1.316
2012-12-18,1.316,1.3238,1.3156,1.3224
2012-12-19,1.3224,1.3308,1.3223,1.3247
2012-12-20,1.3247,1.3295,1.3189,1.3243
2012-12-21,1.3243,1.3252,1.3154,1.3178
2012-12-24,1.3178,1.3234,1.317,1.3173
2012-12-25,1.3173,1.3207,1.3167,1.3191
2012-12-26,1.3191,1.3254,1.3167,1.3218
2012-12-27,1.3218,1.3284,1.3199,1.3242
2012-12-28,1.3242,1.3257,1.3166,1.3219
2012-12-31,1.3219,1.3235,1.317,1.3188
2013-01-01,1.3188,1.322,1.319,1.3219
2013-01-02,1.3219,1.3299,1.3154,1.3177
2013-01-03,1.3177,1.3191,1.3049,1.305
2013-01-04,1.305,1.3089,1.2995,1.308
2013-01-07,1.308,1.3119,1.3016,1.3106
2013-01-08,1.3106,1.314,1.3057,1.3083
2013-01-09,1.3083,1.3096,1.3035,1.3064
2013-01-10,1.3064,1.3266,1.3039,1.3254
2013-01-11,1.3254,1.3365,1.3246,1.3334
2013-01-14,1.3334,1.3404,1.3336,1.3387
2013-01-15,1.3387,1.3394,1.3264,1.3311
2013-01-16,1.3311,1.3325,1.3256,1.3282
2013-01-17,1.3282,1.3388,1.327,1.3374
2013-01-18,1.3374,1.34,1.3279,1.3318
2013-01-21,1.3318,1.3332,1.33,1.3317
2013-01-22,1.3317,1.3371,1.3267,1.3313
2013-01-23,1.3313,1.3355,1.3264,1.3315
2013-01-24,1.3315,1.3393,1.3287,1.3375
2013-01-25,1.3375,1.348,1.335,1.3458
2013-01-28,1.3458,1.3477,1.3425,1.3454
2013-01-29,1.3454,1.3497,1.3413,1.3491
2013-01-30,1.3491,1.3587,1.3482,1.3566
2013-01-31,1.3566,1.3594,1.3538,1.3577
2013-02-01,1.3577,1.3711,1.3574,1.3651
2013-02-04,1.3651,1.3659,1.3503,1.3511
2013-02-05,1.3511,1.3597,1.3459,1.3584
2013-02-06,1.3584,1.3596,1.3494,1.3522
2013-02-07,1.3522,1.3577,1.3371,1.3396
2013-02-08,1.3396,1.3429,1.335,1.3363
2013-02-11,1.3363,1.3427,1.3337,1.3398
2013-02-12,1.3398,1.3475,1.3364,1.3447
2013-02-13,1.3447,1.352,1.3424,1.345
2013-02-14,1.345,1.3456,1.3315,1.3354
2013-02-15,1.3354,1.3393,1.3304,1.3362
2013-02-18,1.3362,1.3379,1.3322,1.3349
2013-02-19,1.3349,1.3396,1.3326,1.339
2013-02-20,1.339,1.3434,1.3273,1.3283
2013-02-21,1.3283,1.329,1.316,1.3182
2013-02-22,1.3182,1.3245,1.3146,1.3184
2013-02-25,1.3184,1.3318,1.3069,1.3089
2013-02-26,1.3089,1.3122,1.3019,1.3054
2013-02-27,1.3054,1.314,1.3042,1.3136
2013-02-28,1.3136,1.3162,1.305,1.3064
2013-03-01,1.3064,1.3101,1.2965,1.3024
2013-03-04,1.3024,1.3031,1.298,1.3017
2013-03-05,1.3017,1.3075,1.3011,1.3039
2013-03-06,1.3039,1.3071,1.2983,1.2991
2013-03-07,1.2991,1.3118,1.2967,1.3106
2013-03-08,1.3106,1.3134,1.2954,1.2997
2013-03-11,1.2997,1.3043,1.298,1.3031
2013-03-12,1.3031,1.3074,1.2991,1.3034
2013-03-13,1.3034,1.3065,1.2921,1.296
2013-03-14,1.296,1.3032,1.291,1.3005
2013-03-15,1.3005,1.3107,1.3,1.3059
2013-03-18,1.3059,1.3071,1.2882,1.2934
2013-03-19,1.2934,1.297,1.2843,1.2888
2013-03-20,1.2888,1.2978,1.2857,1.294
2013-03-21,1.294,1.2955,1.288,1.2904
2013-03-22,1.2904,1.301,1.2889,1.2981
2013-03-25,1.2981,1.3048,1.283,1.2857
2013-03-26,1.2857,1.289,1.2829,1.2858
2013-03-27,1.2858,1.2867,1.2751,1.277
2013-03-28,1.277,1.2845,1.2756,1.2817
2013-03-29,1.2817,1.2837,1.2794,1.2813
2013-04-01,1.2813,1.2868,1.2771,1.2845
2013-04-02,1.2845,1.2878,1.2807,1.2814
2013-04-03,1.2814,1.2864,1.279,1.2846
2013-04-04,1.2846,1.2949,1.2744,1.2933
2013-04-05,1.2933,1.304,1.29,1.301
2013-04-08,1.301,1.3038,1.2966,1.2995
2013-04-09,1.2995,1.3103,1.3005,1.3083
2013-04-10,1.3083,1.3122,1.3049,1.3057
2013-04-11,1.3057,1.3138,1.3044,1.3111
2013-04-12,1.3111,1.3126,1.3036,1.3103
2013-04-15,1.3103,1.3131,1.3032,1.304
2013-04-16,1.304,1.3201,1.3028,1.3184
2013-04-17,1.3184,1.32,1.2999,1.3022
2013-04-18,1.3022,1.3096,1.3021,1.3053
2013-04-19,1.3053,1.3129,1.3048,1.3053
2013-04-22,1.3053,1.3092,1.3014,1.306
2013-04-23,1.306,1.3084,1.297,1.2996
2013-04-24,1.2996,1.3034,1.2956,1.3018
2013-04-25,1.3018,1.3093,1.2988,1.3005
2013-04-26,1.3005,1.3048,1.2988,1.303
2013-04-29,1.303,1.3117,1.3032,1.3093
2013-04-30,1.3093,1.3186,1.3055,1.3167
2013-05-01,1.3167,1.3243,1.3161,1.3175
2013-05-02,1.3175,1.3218,1.3036,1.3063
2013-05-03,1.3063,1.3159,1.3032,1.3114
2013-05-06,1.3114,1.3141,1.305,1.3075
2013-05-07,1.3075,1.3132,1.3067,1.3073
2013-05-08,1.3073,1.3194,1.3072,1.3154
2013-05-09,1.3154,1.3177,1.3008,1.3033
2013-05-10,1.3033,1.3051,1.2933,1.2985
2013-05-13,1.2985,1.2999,1.294,1.2968
2013-05-14,1.2968,1.3029,1.2929,1.294
2013-05-15,1.294,1.2942,1.2841,1.288
2013-05-16,1.288,1.293,1.2847,1.2874
2013-05-17,1.2874,1.289,1.2797,1.2829
2013-05-20,1.2829,1.2901,1.282,1.2887
2013-05-21,1.2887,1.2934,1.2839,1.2909
2013-05-22,1.2909,1.2998,1.283,1.2852
2013-05-23,1.2852,1.2956,1.2822,1.2931
2013-05-24,1.2931,1.2993,1.2905,1.2934
2013-05-27,1.2934,1.295,1.2916,1.2929
2013-05-28,1.2929,1.295,1.285,1.2871
2013-05-29,1.2871,1.2977,1.2838,1.2936
2013-05-30,1.2936,1.3061,1.2934,1.3047
2013-05-31,1.3047,1.3059,1.2942,1.2997
2013-06-03,1.2997,1.3107,1.2954,1.3074
2013-06-04,1.3074,1.3101,1.3041,1.3082
2013-06-05,1.3082,1.3116,1.3052,1.3094
2013-06-06,1.3094,1.3305,1.3075,1.3243
2013-06-07,1.3243,1.3285,1.3191,1.3216
2013-06-10,1.3216,1.3269,1.3178,1.3257
2013-06-11,1.3257,1.3315,1.3232,1.3305
2013-06-12,1.3305,1.336,1.3264,1.3332
2013-06-13,1.3332,1.339,1.3278,1.3366
2013-06-14,1.3366,1.3373,1.3295,1.3348
2013-06-17,1.3348,1.3379,1.3319,1.3376
2013-06-18,1.3376,1.3415,1.3325,1.3401
2013-06-19,1.3401,1.3417,1.326,1.3277
2013-06-20,1.3277,1.3302,1.3161,1.322
2013-06-21,1.322,1.3254,1.3097,1.3124
2013-06-24,1.3124,1.3144,1.3058,1.313
2013-06-25,1.313,1.3151,1.3065,1.3097
2013-06-26,1.3097,1.3087,1.2983,1.3012
2013-06-27,1.3012,1.3057,1.2999,1.3043
2013-06-28,1.3043,1.3103,1.2989,1.3015
2013-07-01,1.3015,1.3068,1.3006,1.3063
2013-07-02,1.3063,1.308,1.2964,1.2978
2013-07-03,1.2978,1.3032,1.2923,1.3006
2013-07-04,1.3006,1.3023,1.2884,1.2918
2013-07-05,1.2918,1.2917,1.2805,1.283
2013-07-08,1.283,1.2882,1.2812,1.2868
2013-07-09,1.2868,1.2898,1.2754,1.2787
2013-07-10,1.2787,1.3024,1.2761,1.3023
2013-07-11,1.3023,1.3207,1.3002,1.3114
2013-07-12,1.3114,1.31,1.2999,1.3065
2013-07-15,1.3065,1.3078,1.2995,1.3069
2013-07-16,1.3069,1.3174,1.3052,1.316
2013-07-17,1.316,1.3177,1.3082,1.3119
2013-07-18,1.3119,1.3126,1.3066,1.3105
2013-07-19,1.3105,1.3154,1.309,1.3142
2013-07-22,1.3142,1.3218,1.3136,1.3186
2013-07-23,1.3186,1.3239,1.3162,1.3221
2013-07-24,1.3221,1.3256,1.3176,1.3196
2013-07-25,1.3196,1.3296,1.3166,1.3291
2013-07-26,1.3291,1.33,1.3251,1.3281
2013-07-29,1.3281,1.3295,1.3237,1.3265
2013-07-30,1.3265,1.3302,1.3233,1.3262
2013-07-31,1.3262,1.3344,1.3203,1.3301
2013-08-01,1.3301,1.3311,1.3194,1.3206
2013-08-02,1.3206,1.3294,1.3188,1.3281
2013-08-05,1.3281,1.33,1.3233,1.3258
2013-08-06,1.3258,1.3323,1.3246,1.3309
2013-08-07,1.3309,1.3342,1.3266,1.3339
2013-08-08,1.3339,1.34,1.3328,1.338
2013-08-09,1.338,1.339,1.3333,1.3344
2013-08-12,1.3344,1.3344,1.3277,1.3308
2013-08-13,1.3308,1.3317,1.323,1.3264
2013-08-14,1.3264,1.328,1.3236,1.3259
2013-08-15,1.3259,1.3362,1.3205,1.3355
2013-08-16,1.3355,1.338,1.3308,1.3332
2013-08-19,1.3332,1.3375,1.3315,1.334
2013-08-20,1.334,1.3452,1.3324,1.3419
2013-08-21,1.3419,1.3427,1.3336,1.3365
2013-08-22,1.3365,1.3373,1.3299,1.335
2013-08-23,1.335,1.341,1.3333,1.3383
2013-08-26,1.3383,1.3394,1.3354,1.3375
2013-08-27,1.3375,1.34,1.3323,1.3389
2013-08-28,1.3389,1.3398,1.3305,1.3341
2013-08-29,1.3341,1.3345,1.3218,1.3243
2013-08-30,1.3243,1.3255,1.3174,1.3216
2013-09-02,1.3216,1.3235,1.3181,1.3184
2013-09-03,1.3184,1.3197,1.3139,1.3171
2013-09-04,1.3171,1.3218,1.3157,1.3212
2013-09-05,1.3212,1.3223,1.3109,1.3117
2013-09-06,1.3117,1.3188,1.3103,1.3178
2013-09-09,1.3178,1.3281,1.3161,1.3257
2013-09-10,1.3257,1.3276,1.3229,1.3269
2013-09-11,1.3269,1.3324,1.3244,1.3308
2013-09-12,1.3308,1.3325,1.3257,1.33
2013-09-13,1.33,1.3322,1.3254,1.3303
2013-09-16,1.3303,1.3386,1.3299,1.3336
2013-09-17,1.3336,1.337,1.3321,1.3354
2013-09-18,1.3354,1.3542,1.3338,1.3529
2013-09-19,1.3529,1.357,1.3501,1.3529
2013-09-20,1.3529,1.355,1.3496,1.3522
2013-09-23,1.3522,1.3553,1.3477,1.3497
2013-09-24,1.3497,1.3519,1.3465,1.347
2013-09-25,1.347,1.3537,1.3462,1.3528
2013-09-26,1.3528,1.3526,1.3473,1.348
2013-09-27,1.348,1.3564,1.3474,1.3521
2013-09-30,1.3521,1.3556,1.3465,1.3519
2013-10-01,1.3519,1.35878,1.3513,1.3534
2013-10-02,1.3534,1.36071,1.3503,1.3587
2013-10-03,1.3587,1.3646,1.3574,1.3617
2013-10-04,1.3617,1.36317,1.3535,1.3554
2013-10-07,1.3554,1.3591,1.3539,1.3574
2013-10-08,1.3574,1.36071,1.3554,1.3575
2013-10-09,1.3575,1.3605,1.3483,1.3518
2013-10-10,1.3518,1.3546,1.3485,1.3527
2013-10-11,1.3527,1.35817,1.3515,1.355
2013-10-14,1.355,1.35976,1.3541,1.3565
2013-10-15,1.3565,1.3571,1.3476,1.3517
2013-10-16,1.3517,1.35675,1.347,1.3528
2013-10-17,1.3528,1.36817,1.3512,1.3675
2013-10-18,1.3675,1.3704,1.3656,1.3678
2013-10-21,1.3678,1.36885,1.3647,1.3678
2013-10-22,1.3678,1.3792,1.3658,1.3778
2013-10-23,1.3778,1.3793,1.3739,1.3779
2013-10-24,1.3779,1.3827,1.376,1.3801
2013-10-25,1.3801,1.3832,1.3772,1.3809
2013-10-28,1.3809,1.3818,1.3772,1.3803
2013-10-29,1.3803,1.3813,1.3734,1.3742
2013-10-30,1.3742,1.3785,1.3694,1.3728
2013-10-31,1.3728,1.3739,1.3582,1.3585
2013-11-01,1.3585,1.359,1.3478,1.3489
2013-11-04,1.3489,1.3524,1.3439,1.3519
2013-11-05,1.3519,1.3522,1.3447,1.3471
2013-11-06,1.3471,1.3547,1.3465,1.3521
2013-11-07,1.3521,1.3529,1.3294,1.342
2013-11-08,1.342,1.3438,1.3316,1.336
2013-11-11,1.336,1.3416,1.3342,1.3408
2013-11-12,1.3408,1.3456,1.3357,1.3428
2013-11-13,1.3428,1.3471,1.3388,1.3462
2013-11-14,1.3462,1.3494,1.3416,1.346
2013-11-15,1.346,1.3506,1.343,1.3493
2013-11-18,1.3493,1.3542,1.3472,1.3497
2013-11-19,1.3497,1.3547,1.3485,1.3535
2013-11-20,1.3535,1.358,1.3413,1.3426
2013-11-21,1.3426,1.348,1.3397,1.3465
2013-11-22,1.3465,1.3554,1.3459,1.3548
2013-11-25,1.3548,1.356,1.3488,1.3519
2013-11-26,1.3519,1.3575,1.3518,1.3569
2013-11-27,1.3569,1.3613,1.3555,1.3571
2013-11-28,1.3571,1.3618,1.3561,1.3601
2013-11-29,1.3601,1.3622,1.358,1.3587
2013-12-02,1.3587,1.3616,1.3523,1.3537
2013-12-03,1.3537,1.3614,1.3522,1.3591
2013-12-04,1.3591,1.3605,1.3526,1.3585
2013-12-05,1.3585,1.3677,1.3542,1.3671
2013-12-06,1.3671,1.3706,1.3618,1.3702
2013-12-09,1.3702,1.3746,1.3692,1.3738
2013-12-10,1.3738,1.3795,1.3732,1.3765
2013-12-11,1.3765,1.3811,1.3739,1.3788
2013-12-12,1.3788,1.3803,1.3736,1.3745
2013-12-13,1.3745,1.377,1.3707,1.3732
2013-12-16,1.3732,1.3799,1.3734,1.3764
2013-12-17,1.3764,1.3782,1.3721,1.3767
2013-12-18,1.3767,1.3812,1.3693,1.3696
2013-12-19,1.3696,1.3694,1.3647,1.3655
2013-12-20,1.3655,1.3709,1.3622,1.3677
2013-12-23,1.3677,1.3717,1.3669,1.3693
2013-12-24,1.3693,1.3699,1.3653,1.3675
2013-12-25,1.3675,1.3705,1.3659,1.3695
2013-12-26,1.3695,1.3702,1.3661,1.3692
2013-12-27,1.3692,1.3893,1.3687,1.374
2013-12-30,1.374,1.382,1.3726,1.3798
2013-12-31,1.3798,1.3812,1.3757,1.3774
2014-01-01,1.3774,1.3754,1.3744,1.3745
2014-01-02,1.3745,1.3775,1.3627,1.3655
2014-01-03,1.3655,1.3672,1.3583,1.3587
2014-01-06,1.3587,1.3653,1.3569,1.3634
2014-01-07,1.3634,1.366,1.3594,1.3614
2014-01-08,1.3614,1.3635,1.3551,1.3581
2014-01-09,1.3581,1.3633,1.3547,1.3607
2014-01-10,1.3607,1.3687,1.3568,1.3665
2014-01-13,1.3665,1.3685,1.3634,1.3668
2014-01-14,1.3668,1.37,1.3646,1.3681
2014-01-15,1.3681,1.3681,1.3579,1.3604
2014-01-16,1.3604,1.3649,1.3581,1.3617
2014-01-17,1.3617,1.3621,1.3515,1.3524
2014-01-20,1.3524,1.357,1.3506,1.3562
2014-01-21,1.3562,1.3569,1.3514,1.3558
2014-01-22,1.3558,1.3583,1.3532,1.3548
2014-01-23,1.3548,1.3698,1.3528,1.3694
2014-01-24,1.3694,1.3739,1.366,1.368
2014-01-27,1.368,1.3717,1.365,1.3672
2014-01-28,1.3672,1.3688,1.3626,1.3666
2014-01-29,1.3666,1.3685,1.36,1.3661
2014-01-30,1.3661,1.3664,1.3541,1.355
2014-01-31,1.355,1.3573,1.3477,1.3487
2014-02-03,1.3487,1.3536,1.3475,1.3531
2014-02-04,1.3531,1.3539,1.3491,1.3515
2014-02-05,1.3515,1.3555,1.3497,1.3531
2014-02-06,1.3531,1.362,1.3481,1.3588
2014-02-07,1.3588,1.3643,1.355,1.3638
2014-02-10,1.3638,1.3651,1.3615,1.3634
2014-02-11,1.3634,1.3683,1.3626,1.3637
2014-02-12,1.3637,1.3653,1.3559,1.3592
2014-02-13,1.3592,1.3692,1.3582,1.368
2014-02-14,1.368,1.3715,1.3671,1.3697
2014-02-17,1.3697,1.3724,1.3689,1.3708
2014-02-18,1.3708,1.377,1.3691,1.3757
2014-02-19,1.3757,1.3773,1.3722,1.3733
2014-02-20,1.3733,1.3763,1.3684,1.372
2014-02-21,1.372,1.3758,1.37,1.374
2014-02-24,1.374,1.3771,1.3705,1.3734
2014-02-25,1.3734,1.3767,1.3713,1.3742
2014-02-26,1.3742,1.3757,1.3659,1.3685
2014-02-27,1.3685,1.3727,1.364,1.3707
2014-02-28,1.3707,1.3825,1.369,1.3806
2014-03-03,1.3806,1.3793,1.3723,1.3729
2014-03-04,1.3729,1.3782,1.3718,1.3738
2014-03-05,1.3738,1.3749,1.3705,1.3732
2014-03-06,1.3732,1.3873,1.3719,1.3859
2014-03-07,1.3859,1.3915,1.385,1.3869
2014-03-10,1.3869,1.3898,1.3858,1.3869
2014-03-11,1.3869,1.3879,1.3831,1.3864
2014-03-12,1.3864,1.3915,1.3841,1.3906
2014-03-13,1.3906,1.3967,1.3843,1.3859
2014-03-14,1.3859,1.3937,1.3845,1.3908
2014-03-17,1.3908,1.3947,1.3877,1.3923
2014-03-18,1.3923,1.3943,1.3878,1.3934
2014-03-19,1.3934,1.3934,1.3808,1.3829
2014-03-20,1.3829,1.3845,1.3747,1.3775
2014-03-21,1.3775,1.3811,1.3763,1.3796
2014-03-24,1.3796,1.3876,1.3758,1.384
2014-03-25,1.384,1.3847,1.3747,1.3824
2014-03-26,1.3824,1.3828,1.3774,1.3793
2014-03-27,1.3793,1.3797,1.3726,1.3744
2014-03-28,1.3744,1.3773,1.3703,1.375
2014-03-31,1.375,1.3809,1.3721,1.3781
2014-04-01,1.3781,1.3815,1.3767,1.3793
2014-04-02,1.3793,1.382,1.375,1.3762
2014-04-03,1.3762,1.3807,1.3695,1.3715
2014-04-04,1.3715,1.3731,1.367,1.3705
2014-04-07,1.3705,1.375,1.3694,1.3743
2014-04-08,1.3743,1.3812,1.3734,1.3794
2014-04-09,1.3794,1.3858,1.3777,1.3851
2014-04-10,1.3851,1.39,1.3833,1.3887
2014-04-11,1.3887,1.3906,1.386,1.3882
2014-04-14,1.3882,1.3863,1.3806,1.382
2014-04-15,1.382,1.3833,1.3788,1.3813
2014-04-16,1.3813,1.3851,1.3801,1.3813
2014-04-17,1.3813,1.3865,1.3808,1.3814
2014-04-18,1.3814,1.3822,1.3806,1.3818
2014-04-21,1.3818,1.383,1.3785,1.3793
2014-04-22,1.3793,1.3825,1.3782,1.3804
2014-04-23,1.3804,1.3855,1.3798,1.3816
2014-04-24,1.3816,1.3843,1.3788,1.3827
2014-04-25,1.3827,1.385,1.3825,1.3832
2014-04-28,1.3832,1.388,1.3813,1.3848
2014-04-29,1.3848,1.388,1.3802,1.3811
2014-04-30,1.3811,1.3877,1.3772,1.387
2014-05-01,1.387,1.3889,1.3859,1.3865
2014-05-02,1.3865,1.3881,1.381,1.387
2014-05-05,1.387,1.3886,1.3862,1.3876
2014-05-06,1.3876,1.3951,1.3869,1.3928
2014-05-07,1.3928,1.394,1.3909,1.3912
2014-05-08,1.3912,1.3993,1.3847,1.3852
2014-05-09,1.3852,1.3844,1.3744,1.3754
2014-05-12,1.3754,1.3775,1.3747,1.3757
2014-05-13,1.3757,1.3772,1.3687,1.3701
2014-05-14,1.3701,1.3731,1.3694,1.371
2014-05-15,1.371,1.3733,1.3646,1.371
2014-05-16,1.371,1.3727,1.3682,1.37
2014-05-19,1.37,1.3734,1.3692,1.3709
2014-05-20,1.3709,1.3714,1.3675,1.3698
2014-05-21,1.3698,1.3723,1.3633,1.3685
2014-05-22,1.3685,1.3688,1.3643,1.3654
2014-05-23,1.3654,1.3656,1.3613,1.363
2014-05-26,1.363,1.3654,1.3611,1.3645
2014-05-27,1.3645,1.3669,1.361,1.3636
2014-05-28,1.3636,1.364,1.3587,1.3594
2014-05-29,1.3594,1.3626,1.3584,1.3602
2014-05-30,1.3602,1.365,1.3596,1.3631
2014-06-02,1.3631,1.3643,1.3586,1.3597
2014-06-03,1.3597,1.3648,1.3585,1.3625
2014-06-04,1.3625,1.364,1.3594,1.3599
2014-06-05,1.3599,1.367,1.3501,1.3653
2014-06-06,1.3653,1.3677,1.3618,1.3644
2014-06-09,1.3644,1.367,1.358,1.3587
2014-06-10,1.3587,1.3602,1.353,1.3545
2014-06-11,1.3545,1.3557,1.3518,1.3529
2014-06-12,1.3529,1.3572,1.3509,1.3564
2014-06-13,1.3564,1.358,1.3518,1.3538
2014-06-16,1.3538,1.358,1.3511,1.357
2014-06-17,1.357,1.3587,1.3534,1.3543
2014-06-18,1.3543,1.3599,1.3538,1.358
2014-06-19,1.358,1.3643,1.3581,1.3602
2014-06-20,1.3602,1.3634,1.3562,1.3595
2014-06-23,1.3595,1.3614,1.3571,1.3603
2014-06-24,1.3603,1.3628,1.3581,1.3601
2014-06-25,1.3601,1.3651,1.3598,1.363
2014-06-26,1.363,1.3641,1.3574,1.3607
2014-06-27,1.3607,1.3648,1.3607,1.3646
2014-06-30,1.3646,1.3698,1.3637,1.3693
2014-07-01,1.3693,1.3701,1.3673,1.3677
2014-07-02,1.3677,1.3683,1.3639,1.3655
2014-07-03,1.3655,1.3664,1.3594,1.3603
2014-07-04,1.3603,1.3611,1.3582,1.3594
2014-07-07,1.3594,1.3609,1.3573,1.3607
2014-07-08,1.3607,1.362,1.3585,1.3612
2014-07-09,1.3612,1.3648,1.3599,1.3644
2014-07-10,1.3644,1.3651,1.3587,1.3603
2014-07-11,1.3603,1.3625,1.359,1.3608
2014-07-14,1.3608,1.364,1.3595,1.3619
2014-07-15,1.3619,1.363,1.3559,1.3567
2014-07-16,1.3567,1.3571,1.3521,1.3523
2014-07-17,1.3523,1.354,1.3517,1.3528
2014-07-18,1.3528,1.3536,1.3491,1.3526
2014-07-21,1.3526,1.3549,1.3513,1.3521
2014-07-22,1.3521,1.353,1.3459,1.3468
2014-07-23,1.3468,1.3474,1.3455,1.346
2014-07-24,1.346,1.3485,1.3438,1.3463
2014-07-25,1.3463,1.3476,1.3422,1.3432
2014-07-28,1.3432,1.3444,1.3427,1.3433
2014-07-29,1.3433,1.3445,1.3404,1.341
2014-07-30,1.341,1.3415,1.3367,1.3393
2014-07-31,1.3393,1.3401,1.3372,1.3388
2014-08-01,1.3388,1.3445,1.3379,1.3423
2014-08-04,1.3423,1.3433,1.341,1.342
2014-08-05,1.342,1.3425,1.3358,1.3375
2014-08-06,1.3375,1.3387,1.3333,1.3379
2014-08-07,1.3379,1.3394,1.3337,1.3364
2014-08-08,1.3364,1.3433,1.3344,1.3412
2014-08-11,1.3412,1.3412,1.338,1.3384
2014-08-12,1.3384,1.3387,1.3336,1.3367
2014-08-13,1.3367,1.3415,1.3342,1.3368
2014-08-14,1.3368,1.3408,1.3349,1.3369
2014-08-15,1.3369,1.3412,1.3359,1.3392
2014-08-18,1.3392,1.34,1.3353,1.3361
2014-08-19,1.3361,1.3363,1.3313,1.3321
2014-08-20,1.3321,1.3326,1.3256,1.3263
2014-08-21,1.3263,1.329,1.3242,1.328
2014-08-22,1.328,1.3297,1.3221,1.3244
2014-08-25,1.3244,1.3223,1.3184,1.3194
2014-08-26,1.3194,1.3215,1.3165,1.3176
2014-08-27,1.3176,1.321,1.3153,1.3197
2014-08-28,1.3197,1.3221,1.316,1.3184
2014-08-29,1.3184,1.3196,1.3134,1.3139
2014-09-01,1.3139,1.3146,1.3119,1.3136
2014-09-02,1.3136,1.3137,1.311,1.3133
2014-09-03,1.3133,1.316,1.3122,1.3145
2014-09-04,1.3145,1.3154,1.292,1.2945
2014-09-05,1.2945,1.2988,1.2922,1.2952
2014-09-08,1.2952,1.296,1.2882,1.2899
2014-09-09,1.2899,1.295,1.2859,1.2943
2014-09-10,1.2943,1.2963,1.2884,1.2908
2014-09-11,1.2908,1.2952,1.2897,1.2917
2014-09-12,1.2917,1.2979,1.2909,1.2949
2014-09-15,1.2949,1.2979,1.2909,1.2939
2014-09-16,1.2939,1.2995,1.2922,1.2962
2014-09-17,1.2962,1.2981,1.2875,1.2879
2014-09-18,1.2879,1.293,1.2834,1.2918
2014-09-19,1.2918,1.2929,1.283,1.2836
2014-09-22,1.2836,1.2868,1.2816,1.2844
2014-09-23,1.2844,1.2901,1.2843,1.2857
2014-09-24,1.2857,1.2864,1.2774,1.2786
2014-09-25,1.2786,1.2783,1.2698,1.2749
2014-09-26,1.2749,1.2761,1.2677,1.2681
2014-09-29,1.2681,1.2715,1.2664,1.269
2014-09-30,1.269,1.2702,1.2571,1.2629
2014-10-01,1.2629,1.264,1.2584,1.2615
2014-10-02,1.2615,1.2699,1.2614,1.2669
2014-10-03,1.2669,1.2672,1.25,1.251
2014-10-06,1.251,1.2675,1.2509,1.2645
2014-10-07,1.2645,1.2682,1.2584,1.2678
2014-10-08,1.2678,1.2749,1.2623,1.2721
2014-10-09,1.2721,1.2792,1.2664,1.2681
2014-10-10,1.2681,1.2716,1.2609,1.2613
2014-10-13,1.2613,1.2699,1.2621,1.2693
2014-10-14,1.2693,1.2749,1.264,1.2657
2014-10-15,1.2657,1.2887,1.2625,1.2802
2014-10-16,1.2802,1.2845,1.2706,1.2796
2014-10-17,1.2796,1.2837,1.2744,1.2761
2014-10-20,1.2761,1.2817,1.2732,1.2808
2014-10-21,1.2808,1.284,1.2716,1.2722
2014-10-22,1.2722,1.274,1.2637,1.2642
2014-10-23,1.2642,1.2677,1.2614,1.265
2014-10-24,1.265,1.2696,1.2635,1.2668
2014-10-27,1.2668,1.2723,1.2666,1.2706
2014-10-28,1.2706,1.2765,1.2685,1.2736
2014-10-29,1.2736,1.2771,1.2633,1.2644
2014-10-30,1.2644,1.2639,1.2548,1.2613
2014-10-31,1.2613,1.2616,1.2486,1.253
2014-11-03,1.253,1.2514,1.244,1.2489
2014-11-04,1.2489,1.2577,1.2482,1.2549
2014-11-05,1.2549,1.2567,1.2458,1.248
2014-11-06,1.248,1.2533,1.2376,1.2378
2014-11-07,1.2378,1.247,1.2358,1.2453
2014-11-10,1.2453,1.251,1.2419,1.242
2014-11-11,1.242,1.2499,1.2395,1.2479
2014-11-12,1.2479,1.2498,1.242,1.2431
2014-11-13,1.2431,1.2492,1.2427,1.2482
2014-11-14,1.2482,1.2546,1.2399,1.2525
2014-11-17,1.2525,1.2578,1.2445,1.2452
2014-11-18,1.2452,1.2545,1.2444,1.2534
2014-11-19,1.2534,1.26,1.2512,1.2538
2014-11-20,1.2538,1.2575,1.2505,1.2545
2014-11-21,1.2545,1.2568,1.2375,1.2387
2014-11-24,1.2387,1.2445,1.2361,1.2439
2014-11-25,1.2439,1.2487,1.2402,1.2477
2014-11-26,1.2477,1.2532,1.2444,1.2508
2014-11-27,1.2508,1.2524,1.2465,1.2474
2014-11-28,1.2474,1.249,1.2427,1.2441
2014-12-01,1.2441,1.2507,1.242,1.2475
2014-12-02,1.2475,1.2483,1.2377,1.2379
2014-12-03,1.2379,1.2391,1.2301,1.2313
2014-12-04,1.2313,1.2456,1.2283,1.2378
2014-12-05,1.2378,1.2393,1.2271,1.2289
2014-12-08,1.2289,1.2344,1.2247,1.2318
2014-12-09,1.2318,1.2448,1.2292,1.2367
2014-12-10,1.2367,1.2447,1.2362,1.2443
2014-12-11,1.2443,1.2495,1.237,1.2385
2014-12-12,1.2385,1.2485,1.2385,1.2458
2014-12-15,1.2458,1.2483,1.2415,1.2441
2014-12-16,1.2441,1.257,1.2434,1.25
2014-12-17,1.25,1.2516,1.2321,1.2343
2014-12-18,1.2343,1.2353,1.2266,1.2283
2014-12-19,1.2283,1.2302,1.222,1.2225
2014-12-22,1.2225,1.2273,1.2217,1.2218
2014-12-23,1.2218,1.2246,1.2165,1.2175
2014-12-24,1.2175,1.222,1.2169,1.2193
2014-12-25,1.2193,1.2245,1.2188,1.2239
2014-12-26,1.2239,1.2226,1.2169,1.2178
2014-12-29,1.2178,1.2221,1.2143,1.2153
2014-12-30,1.2153,1.2187,1.2124,1.2153
2014-12-31,1.2153,1.217,1.2097,1.2098
2015-01-01,1.2098,1.21,1.2099,1.2097
2015-01-02,1.2097,1.2108,1.2002,1.2004
2015-01-05,1.2004,1.2005,1.1868,1.1938
2015-01-06,1.1938,1.1969,1.1884,1.1899
2015-01-07,1.1899,1.1897,1.1802,1.1832
2015-01-08,1.1832,1.1848,1.1755,1.1789
2015-01-09,1.1789,1.1846,1.1763,1.1842
2015-01-12,1.1842,1.1871,1.1787,1.184
2015-01-13,1.184,1.186,1.1753,1.1771
2015-01-14,1.1771,1.1846,1.1728,1.1789
2015-01-15,1.1789,1.1793,1.1568,1.1616
2015-01-16,1.1616,1.165,1.146,1.1567
2015-01-19,1.1567,1.164,1.1548,1.1604
2015-01-20,1.1604,1.1615,1.1541,1.1549
2015-01-21,1.1549,1.168,1.1542,1.1596
2015-01-22,1.1596,1.1651,1.1335,1.1339
2015-01-23,1.1339,1.1374,1.1115,1.1221
2015-01-26,1.1221,1.1296,1.1098,1.1265
2015-01-27,1.1265,1.1423,1.1224,1.1368
2015-01-28,1.1368,1.1383,1.1282,1.1291
2015-01-29,1.1291,1.1368,1.1262,1.1316
2015-01-30,1.1316,1.1364,1.1279,1.1303
2015-02-02,1.1303,1.1362,1.1291,1.134
2015-02-03,1.134,1.1534,1.1313,1.1484
2015-02-04,1.1484,1.1487,1.1382,1.1397
2015-02-05,1.1397,1.1499,1.1304,1.1476
2015-02-06,1.1476,1.1486,1.1312,1.1322
2015-02-09,1.1322,1.136,1.127,1.132
2015-02-10,1.132,1.1345,1.1273,1.1318
2015-02-11,1.1318,1.1332,1.128,1.1302
2015-02-12,1.1302,1.1423,1.1302,1.141
2015-02-13,1.141,1.1443,1.138,1.1398
2015-02-16,1.1398,1.143,1.13895,1.1404
2015-02-17,1.1404,1.1449,1.13221,1.14162
2015-02-18,1.14162,1.14161,1.1334,1.14009
2015-02-19,1.14009,1.14501,1.13556,1.13619
2015-02-20,1.13619,1.14298,1.12792,1.1375
2015-02-23,1.1375,1.1412,1.12954,1.13325
2015-02-24,1.13325,1.13581,1.12885,1.13411
2015-02-25,1.13411,1.139,1.13359,1.13611
2015-02-26,1.13611,1.138,1.11839,1.11959
2015-02-27,1.11959,1.12451,1.1176,1.11868
2015-03-02,1.11868,1.1241,1.116,1.1182
2015-03-03,1.1182,1.12175,1.11543,1.11763
2015-03-04,1.11763,1.11866,1.10617,1.1074
2015-03-05,1.1074,1.11143,1.09876,1.10268
2015-03-06,1.10268,1.10327,1.08419,1.08496
2015-03-09,1.08496,1.09065,1.08228,1.08616
2015-03-10,1.08616,1.08559,1.06928,1.0697
2015-03-11,1.0697,1.0717,1.0511,1.05407
2015-03-12,1.05407,1.06837,1.04944,1.06078
2015-03-13,1.06078,1.06346,1.04625,1.04763
2015-03-16,1.04763,1.0619,1.0459,1.0577
2015-03-17,1.0577,1.06508,1.05515,1.05915
2015-03-18,1.05915,1.104,1.05803,1.08876
2015-03-19,1.08876,1.092,1.0613,1.0638
2015-03-20,1.0638,1.08823,1.06557,1.0804
2015-03-23,1.0804,1.09633,1.07677,1.09623
2015-03-24,1.09623,1.10292,1.089,1.09241
2015-03-25,1.09241,1.1015,1.0901,1.0962
2015-03-26,1.0962,1.10522,1.08566,1.08894
2015-03-27,1.08894,1.09487,1.08014,1.08962
2015-03-30,1.08962,1.0896,1.08097,1.08124
2015-03-31,1.08124,1.08455,1.07133,1.07468
2015-04-01,1.07468,1.08001,1.07188,1.07589
2015-04-02,1.07589,1.09054,1.07503,1.0883
2015-04-03,1.0883,1.1027,1.0864,1.0995
2015-04-06,1.0995,1.10356,1.091,1.09224
2015-04-07,1.09224,1.09548,1.08148,1.0822
2015-04-08,1.0822,1.08875,1.07634,1.07867
2015-04-09,1.07867,1.079,1.06378,1.06476
2015-04-10,1.06476,1.06837,1.0568,1.06013
2015-04-13,1.06013,1.06198,1.052,1.05751
2015-04-14,1.05751,1.07073,1.05316,1.06524
2015-04-15,1.06524,1.0702,1.05708,1.06771
2015-04-16,1.06771,1.08177,1.06246,1.07745
2015-04-17,1.07745,1.08483,1.07348,1.082
2015-04-20,1.082,1.0829,1.07114,1.07358
2015-04-21,1.07358,1.0781,1.0659,1.0734
2015-04-22,1.0734,1.0801,1.0706,1.0728
2015-04-23,1.0728,1.0845,1.06666,1.0826
2015-04-24,1.0826,1.0902,1.0783,1.0862
2015-04-27,1.0862,1.0927,1.0818,1.08805
2015-04-28,1.08805,1.09911,1.08602,1.0968
2015-04-29,1.0968,1.11878,1.09597,1.1108
2015-04-30,1.1108,1.12661,1.10715,1.123
2015-05-01,1.123,1.129,1.1175,1.1211
2015-05-04,1.1211,1.12244,1.1123,1.11466
2015-05-05,1.11466,1.1223,1.10665,1.11948
2015-05-06,1.11948,1.13702,1.11751,1.1346
2015-05-07,1.1346,1.13917,1.12375,1.1266
2015-05-08,1.1266,1.1289,1.11796,1.12065
2015-05-11,1.12065,1.12064,1.11311,1.11568
2015-05-12,1.11568,1.1279,1.1135,1.1216
2015-05-13,1.1216,1.13827,1.12027,1.13477
2015-05-14,1.13477,1.14447,1.13409,1.1402
2015-05-15,1.1402,1.1467,1.13238,1.14459
2015-05-18,1.14459,1.1449,1.1299,1.13094
2015-05-19,1.13094,1.1327,1.1119,1.11537
2015-05-20,1.11537,1.11521,1.1062,1.1108
2015-05-21,1.1108,1.11814,1.10798,1.11221
2015-05-22,1.11221,1.12081,1.10024,1.10121
2015-05-25,1.10121,1.101,1.09591,1.0978
2015-05-26,1.0978,1.09808,1.08635,1.0875
2015-05-27,1.0875,1.093,1.08195,1.0902
2015-05-28,1.0902,1.0959,1.08675,1.09398
2015-05-29,1.09398,1.10062,1.0926,1.09813
2015-06-01,1.09813,1.099,1.08872,1.09259
2015-06-02,1.09259,1.1194,1.0916,1.11518
2015-06-03,1.11518,1.1285,1.108,1.12683
2015-06-04,1.12683,1.138,1.1223,1.1243
2015-06-05,1.1243,1.12801,1.10499,1.111
2015-06-08,1.111,1.12944,1.10847,1.12822
2015-06-09,1.12822,1.13453,1.12144,1.1278
2015-06-10,1.1278,1.1386,1.12601,1.132
2015-06-11,1.132,1.13312,1.11824,1.12595
2015-06-12,1.12595,1.12963,1.11517,1.1252
2015-06-15,1.1252,1.12944,1.11895,1.1285
2015-06-16,1.1285,1.13297,1.12052,1.1247
2015-06-17,1.1247,1.1358,1.1207,1.1335
2015-06-18,1.1335,1.14361,1.1331,1.1372
2015-06-19,1.1372,1.14,1.12925,1.13434
2015-06-22,1.13434,1.14102,1.1312,1.1322
2015-06-23,1.1322,1.13472,1.1135,1.1162
2015-06-24,1.1162,1.1235,1.116,1.1203
2015-06-25,1.1203,1.12277,1.1154,1.12
2015-06-26,1.12,1.12196,1.11301,1.1169
2015-06-29,1.1169,1.1277,1.09549,1.1229
2015-06-30,1.1229,1.1244,1.11126,1.1144
2015-07-01,1.1144,1.11712,1.1043,1.1048
2015-07-02,1.1048,1.11211,1.10326,1.10873
2015-07-03,1.10873,1.11178,1.10672,1.1067
2015-07-06,1.1067,1.10952,1.09704,1.1049
2015-07-07,1.1049,1.1056,1.0917,1.1024
2015-07-08,1.1024,1.10927,1.09745,1.10683
2015-07-09,1.10683,1.11248,1.0992,1.1025
2015-07-10,1.1025,1.1216,1.10453,1.11451
2015-07-13,1.11451,1.11967,1.09959,1.1011
2015-07-14,1.1011,1.1084,1.09658,1.1003
2015-07-15,1.1003,1.10355,1.09301,1.0942
2015-07-16,1.0942,1.09625,1.08558,1.0875
2015-07-17,1.0875,1.0907,1.0841,1.0849
2015-07-20,1.0849,1.087,1.08092,1.0824
2015-07-21,1.0824,1.09691,1.0812,1.0935
2015-07-22,1.0935,1.09665,1.08695,1.09138
2015-07-23,1.09138,1.10177,1.0922,1.0998
2015-07-24,1.0998,1.09958,1.09255,1.0978
2015-07-27,1.0978,1.11291,1.09695,1.1094
2015-07-28,1.1094,1.10994,1.10223,1.1055
2015-07-29,1.1055,1.1084,1.09672,1.0981
2015-07-30,1.0981,1.09894,1.08938,1.0927
2015-07-31,1.0927,1.1114,1.0921,1.0986
2015-08-03,1.0986,1.09959,1.09414,1.0947
2015-08-04,1.0947,1.09874,1.0883,1.0888
2015-08-05,1.0888,1.09369,1.0848,1.0902
2015-08-06,1.0902,1.09436,1.08736,1.09316
2015-08-07,1.09316,1.09781,1.0856,1.0963
2015-08-10,1.0963,1.10413,1.09255,1.1014
2015-08-11,1.1014,1.10882,1.09608,1.1034
2015-08-12,1.1034,1.1214,1.10247,1.1165
2015-08-13,1.1165,1.1189,1.10802,1.1146
2015-08-14,1.1146,1.1189,1.1098,1.1104
2015-08-17,1.1104,1.1125,1.1059,1.10809
2015-08-18,1.10809,1.10934,1.10175,1.1033
2015-08-19,1.1033,1.1134,1.1018,1.1127
2015-08-20,1.1127,1.12203,1.11072,1.12022
2015-08-21,1.12022,1.13762,1.123,1.136
2015-08-24,1.136,1.17136,1.137,1.158
2015-08-25,1.158,1.16041,1.1397,1.1467
2015-08-26,1.1467,1.1561,1.13226,1.13232
2015-08-27,1.13232,1.13641,1.12034,1.12626
2015-08-28,1.12626,1.131,1.11564,1.11831
2015-08-31,1.11831,1.12624,1.11635,1.1229
2015-09-01,1.1229,1.1332,1.12091,1.1298
2015-09-02,1.1298,1.13102,1.1223,1.1222
2015-09-03,1.1222,1.12431,1.10877,1.1123
2015-09-04,1.1123,1.119,1.109,1.1138
2015-09-07,1.1138,1.11775,1.1122,1.1169
2015-09-08,1.1169,1.12293,1.11528,1.1205
2015-09-09,1.1205,1.1217,1.1132,1.1202
2015-09-10,1.1202,1.1295,1.11718,1.1283
2015-09-11,1.1283,1.13493,1.12546,1.1336
2015-09-14,1.1336,1.1373,1.12837,1.13132
2015-09-15,1.13132,1.13284,1.1259,1.1267
2015-09-16,1.1267,1.13204,1.12142,1.1278
2015-09-17,1.1278,1.1423,1.1285,1.142
2015-09-18,1.142,1.14602,1.12868,1.1301
2015-09-21,1.1301,1.133,1.11816,1.1194
2015-09-22,1.1194,1.12073,1.11137,1.113
2015-09-23,1.113,1.12132,1.11057,1.1182
2015-09-24,1.1182,1.1296,1.1165,1.1225
2015-09-25,1.1225,1.12131,1.11167,1.11968
2015-09-28,1.11968,1.12475,1.11469,1.1234
2015-09-29,1.1234,1.1281,1.11942,1.12619
2015-09-30,1.12619,1.12613,1.11576,1.1165
2015-10-01,1.1165,1.1209,1.11352,1.11844
2015-10-02,1.11844,1.13183,1.11506,1.12038
2015-10-05,1.12038,1.12892,1.11735,1.1184
2015-10-06,1.1184,1.1276,1.11724,1.12685
2015-10-07,1.12685,1.1284,1.1212,1.1247
2015-10-08,1.1247,1.1328,1.1235,1.1274
2015-10-09,1.1274,1.13873,1.12675,1.13551
2015-10-12,1.13551,1.13967,1.1355,1.13654
2015-10-13,1.13654,1.14109,1.13445,1.13862
2015-10-14,1.13862,1.1489,1.13798,1.1485
2015-10-15,1.1485,1.14951,1.13635,1.13771
2015-10-16,1.13771,1.13949,1.13346,1.13564
2015-10-19,1.13564,1.1379,1.1306,1.13229
2015-10-20,1.13229,1.1387,1.13242,1.13448
2015-10-21,1.13448,1.13775,1.13344,1.134
2015-10-22,1.134,1.1351,1.11084,1.11169
2015-10-23,1.11169,1.11397,1.09967,1.0998
2015-10-26,1.0998,1.10681,1.0994,1.105
2015-10-27,1.105,1.10785,1.10307,1.10384
2015-10-28,1.10384,1.10956,1.0897,1.09182
2015-10-29,1.09182,1.09852,1.09022,1.09806
2015-10-30,1.09806,1.10723,1.09659,1.0996
2015-11-02,1.0996,1.10526,1.10003,1.1008
2015-11-03,1.1008,1.103,1.09362,1.0965
2015-11-04,1.0965,1.09676,1.08446,1.0862
2015-11-05,1.0862,1.08973,1.08339,1.0881
2015-11-06,1.0881,1.0894,1.0706,1.0741
2015-11-09,1.0741,1.079,1.072,1.0758
2015-11-10,1.0758,1.0764,1.06746,1.07134
2015-11-11,1.07134,1.07738,1.07058,1.074
2015-11-12,1.074,1.083,1.06914,1.0811
2015-11-13,1.0811,1.0817,1.07144,1.07436
2015-11-16,1.07436,1.0758,1.06749,1.06823
2015-11-17,1.06823,1.06909,1.06308,1.0648
2015-11-18,1.0648,1.06925,1.06175,1.06542
2015-11-19,1.06542,1.0763,1.06559,1.0733
2015-11-20,1.0733,1.0738,1.0641,1.0647
2015-11-23,1.0647,1.06565,1.05927,1.06271
2015-11-24,1.06271,1.06732,1.062,1.0646
2015-11-25,1.0646,1.06891,1.05662,1.06181
2015-11-26,1.06181,1.0628,1.06002,1.0606
2015-11-27,1.0606,1.0638,1.05687,1.05955
2015-11-30,1.05955,1.05948,1.0558,1.05697
2015-12-01,1.05697,1.0637,1.05637,1.0632
2015-12-02,1.0632,1.06359,1.0551,1.062
2015-12-03,1.062,1.09811,1.05236,1.09557
2015-12-04,1.09557,1.09562,1.08364,1.08699
2015-12-07,1.08699,1.08871,1.07963,1.0847
2015-12-08,1.0847,1.09026,1.08306,1.0888
2015-12-09,1.0888,1.10427,1.08795,1.10291
2015-12-10,1.10291,1.1025,1.09256,1.0937
2015-12-11,1.0937,1.10305,1.09269,1.0991
2015-12-14,1.0991,1.10487,1.09459,1.0996
2015-12-15,1.0996,1.10594,1.09049,1.09137
2015-12-16,1.09137,1.10119,1.0888,1.09165
2015-12-17,1.09165,1.09138,1.08029,1.0804
2015-12-18,1.0804,1.08743,1.08052,1.08661
2015-12-21,1.08661,1.09388,1.08485,1.09248
2015-12-22,1.09248,1.0984,1.09027,1.0954
2015-12-23,1.0954,1.09566,1.08702,1.0922
2015-12-24,1.0922,1.0967,1.09049,1.0952
2015-12-25,1.0952,1.09732,1.09438,1.0963
2015-12-28,1.0963,1.09924,1.0954,1.0972
2015-12-29,1.0972,1.09914,1.08994,1.09324
2015-12-30,1.09324,1.09435,1.09024,1.0931
2015-12-31,1.0931,1.0937,1.0852,1.0864
2016-01-01,1.0864,1.0937,1.0852,1.0864
2016-01-04,1.0864,1.09463,1.07814,1.08311
2016-01-05,1.08311,1.08387,1.0711,1.0744
2016-01-06,1.0744,1.07992,1.07156,1.0786
2016-01-07,1.0786,1.09401,1.07715,1.09258
2016-01-08,1.09258,1.09331,1.08036,1.09172
2016-01-11,1.09172,1.09697,1.0848,1.086
2016-01-12,1.086,1.09001,1.08199,1.08461
2016-01-13,1.08461,1.0884,1.0805,1.0872
2016-01-14,1.0872,1.09432,1.0835,1.0857
2016-01-15,1.0857,1.09845,1.0855,1.0913
2016-01-18,1.0913,1.0936,1.0869,1.0889
2016-01-19,1.0889,1.0939,1.08597,1.09134
2016-01-20,1.09134,1.09757,1.08776,1.08801
2016-01-21,1.08801,1.0921,1.0778,1.0883
2016-01-22,1.0883,1.0876,1.079,1.0793
2016-01-25,1.0793,1.08539,1.079,1.0852
2016-01-26,1.0852,1.08742,1.0819,1.08553
2016-01-27,1.08553,1.09163,1.08511,1.08969
2016-01-28,1.08969,1.09675,1.087,1.09502
2016-01-29,1.09502,1.09485,1.08102,1.0831
2016-02-01,1.0831,1.09127,1.0815,1.08929
2016-02-02,1.08929,1.094,1.08857,1.09177
2016-02-03,1.09177,1.11454,1.09039,1.1105
2016-02-04,1.1105,1.12392,1.10698,1.12
2016-02-05,1.12,1.12504,1.11091,1.11452
2016-02-08,1.11452,1.12158,1.10867,1.12042
2016-02-09,1.12042,1.13378,1.11626,1.1287
2016-02-10,1.1287,1.13113,1.11607,1.1291
2016-02-11,1.1291,1.13764,1.12745,1.1331
2016-02-12,1.1331,1.13338,1.12143,1.12542
2016-02-15,1.12542,1.125,1.11282,1.11446
2016-02-16,1.11446,1.1193,1.11245,1.11415
2016-02-17,1.11415,1.1179,1.11064,1.11437
2016-02-18,1.11437,1.11495,1.10712,1.11023
2016-02-19,1.11023,1.11391,1.10668,1.1126
2016-02-22,1.1126,1.1127,1.10034,1.10297
2016-02-23,1.10297,1.10526,1.09904,1.10169
2016-02-24,1.10169,1.10462,1.09575,1.10092
2016-02-25,1.10092,1.10496,1.09868,1.1036
2016-02-26,1.1036,1.10681,1.0912,1.0938
2016-02-29,1.0938,1.09624,1.08595,1.08858
2016-03-01,1.08858,1.08937,1.08345,1.08709
2016-03-02,1.08709,1.08808,1.08259,1.0866
2016-03-03,1.0866,1.09725,1.08539,1.0964
2016-03-04,1.0964,1.10432,1.09038,1.09938
2016-03-07,1.09938,1.1026,1.09403,1.1009
2016-03-08,1.1009,1.10576,1.09937,1.10069
2016-03-09,1.10069,1.1035,1.09464,1.10064
2016-03-10,1.10064,1.12179,1.08224,1.11849
2016-03-11,1.11849,1.12095,1.10807,1.11529
2016-03-14,1.11529,1.11757,1.10781,1.1097
2016-03-15,1.1097,1.1125,1.10723,1.111
2016-03-16,1.111,1.12423,1.10581,1.12248
2016-03-17,1.12248,1.13423,1.12055,1.1316
2016-03-18,1.1316,1.1337,1.12565,1.12681
2016-03-21,1.12681,1.1285,1.12347,1.12494
2016-03-22,1.12494,1.1261,1.11888,1.1219
2016-03-23,1.1219,1.12233,1.11598,1.1181
2016-03-24,1.1181,1.11874,1.11443,1.11753
2016-03-25,1.11753,1.11792,1.11545,1.1162
2016-03-28,1.1162,1.12198,1.1153,1.11999
2016-03-29,1.11999,1.1303,1.11691,1.1302
2016-03-30,1.1302,1.13653,1.1286,1.13369
2016-03-31,1.13369,1.14116,1.13107,1.13845
2016-04-01,1.13845,1.14377,1.13347,1.1394
2016-04-04,1.1394,1.14125,1.13576,1.1396
2016-04-05,1.1396,1.14051,1.13361,1.1381
2016-04-06,1.1381,1.14315,1.13268,1.1405
2016-04-07,1.1405,1.14539,1.13379,1.13724
2016-04-08,1.13724,1.14192,1.1349,1.13996
2016-04-11,1.13996,1.14472,1.13725,1.14057
2016-04-12,1.14057,1.14646,1.13455,1.1393
2016-04-13,1.1393,1.1391,1.12726,1.12864
2016-04-14,1.12864,1.12947,1.1234,1.1262
2016-04-15,1.1262,1.13169,1.12458,1.1285
2016-04-18,1.1285,1.13322,1.1274,1.13142
2016-04-19,1.13142,1.13845,1.13038,1.1368
2016-04-20,1.1368,1.13878,1.12911,1.1298
2016-04-21,1.1298,1.13972,1.12704,1.1293
2016-04-22,1.1293,1.13084,1.12185,1.1229
2016-04-25,1.1229,1.12781,1.12189,1.12626
2016-04-26,1.12626,1.13396,1.12565,1.12817
2016-04-27,1.12817,1.13604,1.12721,1.13125
2016-04-28,1.13125,1.13679,1.1296,1.1352
2016-04-29,1.1352,1.14591,1.13484,1.14465
2016-05-02,1.14465,1.15349,1.14486,1.15182
2016-05-03,1.15182,1.16162,1.15013,1.15055
2016-05-04,1.15055,1.15293,1.14666,1.1493
2016-05-05,1.1493,1.1494,1.13862,1.1401
2016-05-06,1.1401,1.14802,1.13871,1.14018
2016-05-09,1.14018,1.14196,1.13757,1.13847
2016-05-10,1.13847,1.14097,1.13586,1.13691
2016-05-11,1.13691,1.1447,1.13699,1.14234
2016-05-12,1.14234,1.1429,1.13722,1.1371
2016-05-13,1.1371,1.13796,1.12832,1.13188
2016-05-16,1.13188,1.13422,1.13027,1.13195
2016-05-17,1.13195,1.13482,1.13024,1.1319
2016-05-18,1.1319,1.13159,1.12196,1.12195
2016-05-19,1.12195,1.123,1.11803,1.1202
2016-05-20,1.1202,1.12372,1.11967,1.1214
2016-05-23,1.1214,1.1243,1.11878,1.12146
2016-05-24,1.12146,1.12269,1.1133,1.11403
2016-05-25,1.11403,1.1167,1.11292,1.11604
2016-05-26,1.11604,1.1217,1.11501,1.11901
2016-05-27,1.11901,1.12006,1.11119,1.1113
2016-05-30,1.1113,1.1145,1.10983,1.1134
2016-05-31,1.1134,1.11732,1.11224,1.11338
2016-06-01,1.11338,1.1193,1.11143,1.11923
2016-06-02,1.11923,1.12198,1.11457,1.1147
2016-06-03,1.1147,1.1354,1.11367,1.13518
2016-06-06,1.13518,1.13928,1.1327,1.13656
2016-06-07,1.13656,1.13804,1.13388,1.1359
2016-06-08,1.1359,1.14105,1.13548,1.13943
2016-06-09,1.13943,1.14153,1.13057,1.1329
2016-06-10,1.1329,1.13213,1.12456,1.1261
2016-06-13,1.1261,1.1303,1.12325,1.1289
2016-06-14,1.1289,1.12984,1.11892,1.1207
2016-06-15,1.1207,1.12985,1.11899,1.1265
2016-06-16,1.1265,1.1295,1.11312,1.123
2016-06-17,1.123,1.12963,1.12229,1.12802
2016-06-20,1.12802,1.13824,1.1286,1.1306
2016-06-21,1.1306,1.13494,1.12434,1.1249
2016-06-22,1.1249,1.13375,1.12366,1.1304
2016-06-23,1.1304,1.1421,1.1317,1.13449
2016-06-24,1.13449,1.14239,1.09118,1.11219
2016-06-27,1.11219,1.10836,1.09711,1.10132
2016-06-28,1.10132,1.11115,1.10106,1.1057
2016-06-29,1.1057,1.11304,1.10495,1.1107
2016-06-30,1.1107,1.11543,1.10243,1.1087
2016-07-01,1.1087,1.11693,1.10723,1.1131
2016-07-04,1.1131,1.1148,1.1098,1.1142
2016-07-05,1.1142,1.11864,1.10662,1.1068
2016-07-06,1.1068,1.11114,1.10293,1.11048
2016-07-07,1.11048,1.11073,1.10528,1.1054
2016-07-08,1.1054,1.11192,1.10019,1.10553
2016-07-11,1.10553,1.10745,1.10159,1.10617
2016-07-12,1.10617,1.11259,1.10526,1.10639
2016-07-13,1.10639,1.11197,1.10424,1.1097
2016-07-14,1.1097,1.11647,1.10887,1.11221
2016-07-15,1.11221,1.11488,1.10532,1.10698
2016-07-18,1.10698,1.10842,1.10377,1.10716
2016-07-19,1.10716,1.10804,1.10002,1.10175
2016-07-20,1.10175,1.10301,1.09816,1.10173
2016-07-21,1.10173,1.10593,1.09798,1.10184
2016-07-22,1.10184,1.10411,1.09558,1.09726
2016-07-25,1.09726,1.09987,1.09522,1.09903
2016-07-26,1.09903,1.10295,1.09785,1.09904
2016-07-27,1.09904,1.10648,1.09619,1.10483
2016-07-28,1.10483,1.112,1.10527,1.10726
2016-07-29,1.10726,1.11974,1.10732,1.11836
2016-08-01,1.11836,1.11833,1.11555,1.11614
2016-08-02,1.11614,1.12336,1.11625,1.12245
2016-08-03,1.12245,1.12228,1.11409,1.1147
2016-08-04,1.1147,1.11563,1.11139,1.11279
2016-08-05,1.11279,1.11613,1.10458,1.10874
2016-08-08,1.10874,1.11048,1.10724,1.10826
2016-08-09,1.10826,1.11224,1.10709,1.11111
2016-08-10,1.11111,1.119,1.1114,1.11741
2016-08-11,1.11741,1.11913,1.11362,1.11439
2016-08-12,1.11439,1.12213,1.11316,1.11594
2016-08-15,1.11594,1.12035,1.11535,1.1184
2016-08-16,1.1184,1.13224,1.11778,1.12753
2016-08-17,1.12753,1.1316,1.12417,1.12814
2016-08-18,1.12814,1.13573,1.12877,1.13541
2016-08-19,1.13541,1.13601,1.13044,1.13276
2016-08-22,1.13276,1.13306,1.12714,1.1323
2016-08-23,1.1323,1.13551,1.13041,1.1307
2016-08-24,1.1307,1.13115,1.12455,1.12634
2016-08-25,1.12634,1.12976,1.12595,1.12822
2016-08-26,1.12822,1.13406,1.11808,1.11985
2016-08-29,1.11985,1.1208,1.11584,1.11867
2016-08-30,1.11867,1.11922,1.11324,1.11403
2016-08-31,1.11403,1.11653,1.11236,1.11588
2016-09-01,1.11588,1.1205,1.11277,1.11972
2016-09-02,1.11972,1.12521,1.11506,1.11602
2016-09-05,1.11602,1.1183,1.11396,1.11467
2016-09-06,1.11467,1.12629,1.11411,1.1257
2016-09-07,1.1257,1.12717,1.1229,1.1244
2016-09-08,1.1244,1.13273,1.12346,1.1254
2016-09-09,1.1254,1.1285,1.11984,1.12268
2016-09-12,1.12268,1.12683,1.12105,1.1234
2016-09-13,1.1234,1.12603,1.12041,1.12125
2016-09-14,1.12125,1.1274,1.12138,1.12471
2016-09-15,1.12471,1.1284,1.12194,1.12426
2016-09-16,1.12426,1.12501,1.11496,1.11532
2016-09-19,1.11532,1.11977,1.11508,1.11791
2016-09-20,1.11791,1.12135,1.11554,1.11565
2016-09-21,1.11565,1.11966,1.1123,1.11827
2016-09-22,1.11827,1.12573,1.118,1.1202
2016-09-23,1.1202,1.12404,1.1194,1.12321
2016-09-26,1.12321,1.1279,1.12215,1.12572
2016-09-27,1.12572,1.12589,1.11912,1.12183
2016-09-28,1.12183,1.12368,1.11821,1.12113
2016-09-29,1.12113,1.12498,1.11972,1.12172
2016-09-30,1.12172,1.12506,1.11535,1.12332
2016-10-03,1.12332,1.12436,1.12054,1.12146
2016-10-04,1.12146,1.12387,1.11382,1.11976
2016-10-05,1.11976,1.12332,1.11897,1.12112
2016-10-06,1.12112,1.12123,1.114,1.1144
2016-10-07,1.1144,1.1205,1.11047,1.1191
2016-10-10,1.1191,1.1203,1.11336,1.1133
2016-10-11,1.1133,1.11421,1.10492,1.1054
2016-10-12,1.1054,1.10676,1.10047,1.1014
2016-10-13,1.1014,1.10556,1.09857,1.1049
2016-10-14,1.1049,1.10577,1.09781,1.0981
2016-10-17,1.0981,1.1008,1.09643,1.10001
2016-10-18,1.10001,1.10262,1.09704,1.09804
2016-10-19,1.09804,1.10046,1.0955,1.09687
2016-10-20,1.09687,1.10393,1.09161,1.09266
2016-10-21,1.09266,1.093,1.08597,1.08724
2016-10-24,1.08724,1.08994,1.08598,1.08743
2016-10-25,1.08743,1.09048,1.08513,1.08881
2016-10-26,1.08881,1.09463,1.08748,1.09064
2016-10-27,1.09064,1.0942,1.08828,1.09015
2016-10-28,1.09015,1.09917,1.08935,1.0976
2016-10-31,1.0976,1.09916,1.09359,1.09763
2016-11-01,1.09763,1.1069,1.09603,1.10579
2016-11-02,1.10579,1.1123,1.10499,1.1088
2016-11-03,1.1088,1.11257,1.106,1.11097
2016-11-04,1.11097,1.1127,1.10803,1.11222
2016-11-07,1.11222,1.11162,1.10275,1.10461
2016-11-08,1.10461,1.1067,1.10091,1.10234
2016-11-09,1.10234,1.12993,1.09203,1.09225
2016-11-10,1.09225,1.09535,1.08652,1.08913
2016-11-11,1.08913,1.09232,1.08306,1.08434
2016-11-14,1.08434,1.08413,1.07094,1.0739
2016-11-15,1.0739,1.08164,1.07145,1.07187
2016-11-16,1.07187,1.07594,1.06665,1.0681
2016-11-17,1.0681,1.07454,1.06205,1.06223
2016-11-18,1.06223,1.06429,1.05694,1.05934
2016-11-21,1.05934,1.06491,1.05792,1.06182
2016-11-22,1.06182,1.06578,1.05839,1.06252
2016-11-23,1.06252,1.06434,1.05264,1.05546
2016-11-24,1.05546,1.05853,1.05184,1.05691
